# Follows the RFC 4180 (https://tools.ietf.org/html/rfc4180) without quotes using the '|' char to separate elements within columns
oui,tools,pins_sticker,pins_user
62A8E4,computepin,,
6AA8E4,computepin,,
003872,,,18836486
884787,,,55664477
A62148,,,67541270
001F1F,computepin,,
A021B7,,71202358,
944452,,,88154473|26023809|90017810|93645348
9CC172,computepin,,
84DBAC,computepin,,
000CF6,computepin,,
344DEA,,,87972122
62233D,computepin,,
F87F35,,,12345670
000A52,computepin,,
204E7F,,,45197079
62CBA8,computepin,,
5C338E,,91345080,30414129|60387400|78963641|73968597|03015162|04581277|11765592|33685984|00764025|15986511|85776104|53842763|82848439|39657053|78614062|30999022
62C61F,computepin,,
A02187,,,92442559
0012BF,easyboxwps,,
5C353B,,,58945537|79082020|64874487|64774487|95755212
285FDB,computepin|fte_keygen,,
F084C9,,,12345670
E8F1B0,,,76308574
BC1401,computepin,,
E24136,computepin,,
346BD3,computepin|fte_keygen,,
80D09B,,,19355801
4CFB45,,,60998125|63666922
001DCF,,,12345670
72E87B,computepin,,
801F02,computepin,,
001DCE,,,85560130
7296BF,computepin,,
002194,,,54210035
2008ED,computepin,,
DC537C,,00259590,29528165|64874487|79082020|95755212|58945537
589835,,16035232|78568242,43279593|36232925|30102019|56217391|13128562|40798011|53890894
00265A,,76971464,79594295|51592905|03888070|36290512|12157259
086361,computepin,,
C054A5,,,12345678
687F74,,,68623227|58743249|42901174|94126198
001A2B,,77775078,88478760|16495265|21143892|15624697|51340865|18836486|01234567
623CE4,computepin,,
104780,,,16903133
6AC714,computepin,,
3C8CF8,trendnetwps,,
001C28,,,38377433
0026CE,computepin,,
2C957F,,,07144721
000CF1,,30447028,
60E327,,,34125335|36743025|20102043|86227728|56163926|83476532|09845237|23956544|31486811|59642114
0005CA,,,73851738|76916144
3872C0,,,18836486|20172527
08952A,,,28812838
C85195,,,13113889
72CDBE,computepin,,
72CBA8,computepin,,
B05B67,,,30366367
021018,,,22168764
BCAABB,,,12345678
E8CD2D,computepin,,
84A8E4,computepin|fte_keygen,,
C83A35,computepin,,61724242|12345678
208986,,,12345670
626BD3,computepin,,
001915,,,12345670
00F81C,,,24684323
001D73,,,88420707
7C4FB5,,,72688656|75332662
081074,,,20956455
DC7144,computepin,,
BC9680,,,34412916
F8D111,computepin,,89754316
6A233D,computepin,,
D07AB5,computepin,,
6ACBA8,computepin,,
72A8E4,computepin,,
207600,,,12345670
A0EC80,,,21970726|12345670
C46E1F,,,11695059
A0F3C1,computepin,,
FCF528,,,20329761
001FA4,,,12345670
002275,computepin,,
B246FC,computepin,,
6253D4,computepin,,
D0D412,,42497868,13588106|12749355|24100489|88202907|11915140|14145629|73767053|18355604|16538061|19756967|43297917|13409708|77828491|16702738|47148826|11161189
10FEED,,96238936,18382501|00246330
000138,,,35606543
202BC1,computepin|fte_keygen,,
6A96BF,computepin,,
000CC3,,,47392717|12345670
088039,,,12435937
72C714,computepin,,
C4E984,,,72914908
C0C1C0,,,78985933
62559C,computepin,,
6AC61F,computepin,,
74852A,,,94380507
0014D1,trendnetwps,,26848185|15537782
C03F0E,,45445402,13250003|30702073|49945386|14516894|94751345|53363480|50615056|41138571|83143632|09302525|63247435
F88E85,,19117652|16035232,64868653|20172527
C8D15E,computepin,,
72D15E,computepin,,
623DFF,computepin,,
586D8F,,,47158382|69382161
00B00C,computepin,,
107BEF,,,38163289
5C4CA9,computepin,,
E08FEC,,,00235211
002644,,,78202962
7253D4,computepin,,
081077,,,30087958
62E87B,computepin,,
72233D,,,36228645
F4C714,computepin,,
E0CB4E,,,62987523
6AC06F,computepin,,
F88B86,,,12345670
841B5E,,,78100053|07017643|21120374|48062435
723DFF,computepin,,
2CB05D,,,07753695|19537511|37523077|42375852
E4C146,,,31348034|71537573|10009321
621D67,computepin,,
6A6BD3,computepin,,
68B6FC,computepin,,82380243
006064,,,60073204|11263333|55583145|37215231|66598848|61937000
88E3AB,computepin,,
627D5E,computepin,,
207355,,,43609604
F80FD9,,,12345670
A4526F,,12820078|78551312|13849238|42497868,73767053|24100489|88202907|18355604|15116574|15397812|13409708|14058400|77828491|75886264|11161189|21362767|19756967|00779876|15584151|13588106|11967859|45014451|11915140|16538061|43297917|18511000|16702738|47148826|15328366|14522529|17908214|91403902|94862423|15938718|19783871|18001907
B4749F,computepin|fte_keygen,,
00487A,,,15471628
743170,easyboxwps,,
507E5D,easyboxwps,,
6ACDBE,computepin,,
081075,computepin,,
CC5D4E,computepin,,
5067F0,,,20064525
0019FC,,,12345670
30469A,,,95221021|30592407|19482417
9CD643,,,39194282
880355,easyboxwps,,
00259C,,,19805672
B0487A,computepin,,
F8FB56,,,12345670
0022F7,computepin,,
00BEF2,,,28752455
001DD6,,,11677672
D8EB97,trendnetwps,,
68C06F,,,41719565
00A026,computepin,,
6A53D4,computepin,,
E47CF9,computepin,,
308730,computepin,,
14CC20,,,12310319
6416F0,computepin,,
6AD167,computepin,,
74888B,,12820078|21158766|78551312|42497868,12345670|73767053|24100489|92537309|14145629|88202907|18355604|15116574|13409708|14058400|77828491|75886264|11161189|17342711|58952153|19379982|29942275|19756967|00779876|15584151|13588106|11967859|45014451|11915140|88478760|16538061|43297917|64630113|10212004|16702738|47148826|05537303|17908214|14321054|94862423|18001907|10555569
7CD34C,,,43944552
001802,,,16546615
38229D,,13849238|42497868,05537303|19986951|16811836|11967859|12749355|29942275|88202907|92537309|75284930|16538061|15116574|13409708|77828491|00779876|47148826|26427195
CCB255,,,61041165
D0AEEC,,82225524,06235307|46275288|53269867|12263813|58441640|73534136|50405732|49570724|60858108|04325093|06267124|30085084|67791088|23970472|41496541|52217388|97855996|76871559|78597235|77485625|63220926|11248729|31433273|36831678|35041054|59432265|36925025|92276337|43419012
6A7D5E,computepin,,
002401,,,97744757|31011193
E8DE27,,,68663803|92674639|83331817
C07CD1,,,49070897
407009,,,25656985
90C792,,,38225505|96603086|02716985
74EA3A,,36189946,25877274|21426087|05788940|22512864|83854125|15513526
8C0CA3,,,02991172
001D7E,,,66026402
F43E61,,,47158382|12345670|69382161
78A689,computepin,,
00AADD,,,01234567
F885C9,,,12345670
048D38,,,01234567
001577,computepin,,
6296BF,computepin,,
001EA6,computepin,,
002129,,,22310298|82744458|64637129
14B968,computepin,,
F83DFF,computepin|fte_keygen,,49531046
000000,,00000000,
944A0C,,,41238806
ECC146,,,71537573
004F62,,,21207136
6A1D67,computepin,,
4C09D4,,,86351386
726BD3,computepin,,
E091F5,,,12345670
B8A386,,,20172527
1CC63C,easyboxwps,,
0C96BF,computepin,,
6A088B,computepin,,
6A559C,computepin,,
F81A67,computepin,,
181223,,,88478760
D86194,,,71537573
404A03,,,11866428
B8AE86,,,37376826
5AF102,,,90000000
F81BFA,computepin,,12345670
F43E62,,,12345670
72C06F,computepin,,
788DF7,computepin,,
000CB9,computepin,,
721D67,computepin,,
C04A00,,,46182661|15268976|15706065|23682351
D86CE9,computepin,,
5422F8,,,12345670
62CDBE,computepin,,
1A0B40,,,17068161
744401,,,00446747|27615126|10052648
F8C346,,,12345670
340804,,,93395274|36022656
001D19,,,22310298|66026402|64637129
B4750E,computepin,,
002624,,,95374611
001D1A,computepin,,
1C7EE5,,22609298,60418579|60206732
6A3DFF,computepin,,
E8ABFA,,,11192091
0018E7,,,22310298|15537782|64637129
04C06F,computepin|fte_keygen,,
F87F39,,,12345670
723CE4,computepin,,
5CF96A,,54353640,
72559C,computepin,,
00265B,computepin,,91514257|36277216|15488107
002417,,11446958,31011193
62C06F,computepin,,
E894F6,,,45892066
F8BF53,,,12345670
727D5E,computepin,,
D47BB0,,,16007666
62C714,computepin,,
00A0B6,computepin,,
001CDF,computepin,,
F8ED80,,,12345670
72C61F,computepin,,
5C7D5E,fte_keygen,,
6487D7,,,31506519|16825321|18708622|64578835
18F145,,,21143892
62B686,computepin,,
3039F2,,12820078|21158766|78551312,73767053|24100489|92537309|88202907|18355604|15116574|13409708|77828491|75886264|19142029|17342711|19756967|15584151|11967859|11915140|16538061|43297917|74184095|13880996|64630113|18511000|16702738|47148826|05537303|17368759|94862423|19783871|18001907
6466B3,,,33357553
BC7670,computepin|fte_keygen,,
C8D3A3,dlink_pingen,,21464065
90F652,,,12345670
CC96A0,computepin|fte_keygen,,
EC233D,computepin,,
5CA39D,computepin,,
80B686,computepin|fte_keygen,,
DC0B1A,,12820078|21158766|78551312|42497868,73767053|88202907|24100489|92537309|18355604|15116574|13409708|14058400|77828491|17342711|16756205|29942275|21362767|19756967|00779876|15584151|45550867|11967859|11915140|16538061|43297917|74184095|64630113|16702738|18511000|47148826|05537303|19955087|91403902|94862423|18001907|21124495
68B6CF,computepin,,
30918F,,,78365230
00223F,,,48247818
000B85,,,70066647
6AD15E,computepin,,
647002,computepin,,
5057F0,computepin,,
087A4C,computepin,,
849CA6,easyboxwps,,12345670
F4EC38,,,26599625|42768777|67971862|09165847|19634173|95048147|51660567|44947477|52594809|18674095|03419724|11288879|04898702|91726681|72344071|05884889|23380622
F86394,,,12345670
08863B,computepin,,
